Workbook

Sheet SKU Summary
A1: SKU | B1: Description | C1: HTS | D1: Container No. | E1: PO No. | F1: HS
A2: 100PCSGXBSYT00001V0 | B2: CHAIR COVER | C2: 6304930010 | D2: MSDU6211947 | E2: Packing list=PL-054902 | F2: =_xlfn.XLOOKUP(A2,[1]邦达数据库!$A:$A,[1]邦达数据库!$C:$C) -> #N/A
A3: 100PCSQBHLYYT0001V0 | B3: CHAIR COVER | C3: 6304910000, 6304930010 | D3: BMOU4089214, BMOU4422599, CAIU8091272, DRYU9392353, FCIU8346047, GLDU7246065, MSNU8925183, TCNU7880515, TGHU9726809, TGHU9810798 | E3: Packing list=CZ-055904, Packing list=CZ-055905, Packing list=CZ-055906, Packing list=CZ-055907, Packing list=FR-054747, Packing list=FR-054749, Packing list=FR-054752, Packing list=PL-054770, Packing list=PL-054774, Packing list=PL-055927 | F3: =_xlfn.XLOOKUP(A3,[1]邦达数据库!$A:$A,[1]邦达数据库!$C:$C) -> 6304.91.0000
A4: 10CDM-ABSZSJ00001V0 | B4: BACKDROP STAND | C4: 8302500000 | D4: CARU5285706, FCIU8358053 | E4: Packing list=CZ-055908, Packing list=PL-055929 | F4: =_xlfn.XLOOKUP(A4,[1]邦达数据库!$A:$A,[1]邦达数据库!$C:$C) -> #N/A
A5: 10LJG-001PTJ00001V0 | B5: POWDER COATING MACHINE | C5: 7303001020 | D5: DFSU6555268, FDCU0243422, MSCU5315774 | E5: Packing list=CZ-055664, Packing list=PL-054559, Packing list=PL-055705 | F5: =_xlfn.XLOOKUP(A5,[1]邦达数据库!$A:$A,[1]邦达数据库!$C:$C) -> #N/A
A6: 10YCGDJW5730XFA8I001V0 | B6: KNEELER SEAT | C6: 8302300090 | D6: CAIU4774748 | E6: Packing list=PL-054558 | F6: =_xlfn.XLOOKUP(A6,[1]邦达数据库!$A:$A,[1]邦达数据库!$C:$C) -> #N/A
A7: 110BLMCYXYKK59JRSV9 | B7: ELECTRONIC SCALE | C7: 8423828100 | D7: MSMU5818830 | E7: Packing list=PL-054556 | F7: =_xlfn.XLOOKUP(A7,[1]邦达数据库!$A:$A,[1]邦达数据库!$C:$C) -> #N/A
A8: 12VDZYFXJSYXLIK15001V9 | B8: HYDRAULIC POWER UNIT | C8: 8412298990 | D8: CAIU7378566 | E8: Packing list=CZ-055677 | F8: =_xlfn.XLOOKUP(A8,[1]邦达数据库!$A:$A,[1]邦达数据库!$C:$C) -> #N/A
A9: 12VDZYFXJSYXU2WWW001V9 | B9: HYDRAULIC POWER UNIT | C9: 8412298990 | D9: CAIU7378566 | E9: Packing list=CZ-055677 | F9: =_xlfn.XLOOKUP(A9,[1]邦达数据库!$A:$A,[1]邦达数据库!$C:$C) -> #N/A
A10: 12VDZYSLYXCZJ3GNE001V9 | B10: HYDRAULIC POWER UNIT | C10: 8412292090 | D10: CAIU7378566 | E10: Packing list=CZ-055677 | F10: =_xlfn.XLOOKUP(A10,[1]邦达数据库!$A:$A,[1]邦达数据库!$C:$C) -> #N/A
A11: 12VDZYSLYXCZS7IY6001V9 | B11: HYDRAULIC POWER UNIT | C11: 8412292090 | D11: CAIU7378566 | E11: Packing list=CZ-055677 | F11: =_xlfn.XLOOKUP(A11,[1]邦达数据库!$A:$A,[1]邦达数据库!$C:$C) -> #N/A
A12: 12VLWTYNTJ129ROVH001C2V2 | B12: REVERSE CONTROL KIT | C12: 8504408790 | D12: CAIU7140710 | E12: Packing list=FR-055407 | F12: =_xlfn.XLOOKUP(A12,[1]邦达数据库!$A:$A,[1]邦达数据库!$C:$C) -> #N/A
A13: 12VLWTYNTJ12AKVBU001C2V2 | B13: REVERSE CONTROL KIT | C13: 8504408790 | D13: CAIU7140710 | E13: Packing list=FR-055407 | F13: =_xlfn.XLOOKUP(A13,[1]邦达数据库!$A:$A,[1]邦达数据库!$C:$C) -> #N/A
... A20: 220BLMCYXYKKMJVL1V9 | B20: ELECTRONIC SCALE | C20: 8423828100 | D20: MSMU5818830 | E20: Packing list=PL-054556 | F20: =_xlfn.XLOOKUP(A20,[1]邦达数据库!$A:$A,[1]邦达数据库!$C:$C) -> #N/A
A21: 28ZDAQZ28YC4I2SSDV0 | B21: SAFETY CONES | C21: 3926905000 | D21: MEDU7093501, TGBU4628768 | E21: Packing list=CZ-055903, Packing list=PL-054773 | F21: 6307.90.9899
A22: 2G3000WKQD0000001V2 | B22: INFRARED PAINT LAMP | C22: 8419891000 | D22: MSBU7968460 | E22: list=IT-052076 | F22: =_xlfn.XLOOKUP(A22,[1]邦达数据库!$A:$A,[1]邦达数据库!$C:$C) -> #N/A
A23: 2H1ZCCT52JT1LWFL2001V0 | B23: BEARING AND SEAL DRIVER SET | C23: 7326909210 | D23: CAAU5661620, MSDU8279268, TXGU6715988 | E23: Packing list=CZ-055655, Packing list=CZ-055660, Packing list=PL-055706 | F23: =_xlfn.XLOOKUP(A23,[1]邦达数据库!$A:$A,[1]邦达数据库!$C:$C) -> #N/A
A24: 2JTJBDCWGNWFQ1SDC001V0 | B24: HOT TUB STEP | C24: 7326903000 | D24: CAIU7733254, MSBU8246837 | E24: Packing list=CZ-056449, Packing list=PL-056510 | F24: =_xlfn.XLOOKUP(A24,[1]邦达数据库!$A:$A,[1]邦达数据库!$C:$C) -> #N/A
A25: 2TCCDGJ0000000001V0 | B25: HOISTING HOOKS | C25: 7315820000 | D25: MSDU6211947, TCLU8016320 | E25: Packing list=CZ-056026, Packing list=PL-054902 | F25: =_xlfn.XLOOKUP(A25,[1]邦达数据库!$A:$A,[1]邦达数据库!$C:$C) -> #N/A
A26: 30KGGZ00000000001V0 | B26: ANVIL | C26: 7303001010 | D26: MSMU8224934 | E26: list=FR-052059 | F26: =_xlfn.XLOOKUP(A26,[1]邦达数据库!$A:$A,[1]邦达数据库!$C:$C) -> #N/A
A27: 30YFZQWZJ8LXX4BJCV0 | B27: CARILLON | C27: 9205100000 | D27: SELU4270474 | E27: list=ES-049339 | F27: =_xlfn.XLOOKUP(A27,[1]邦达数据库!$A:$A,[1]邦达数据库!$C:$C) -> #N/A
A28: 30YFZQWZJWLXDYZRGV0 | B28: CARILLON | C28: 9205100000 | D28: FFAU2882889, MSBU7968460 | E28: list=IT-049334, list=IT-052076 | F28: =_xlfn.XLOOKUP(A28,[1]邦达数据库!$A:$A,[1]邦达数据库!$C:$C) -> #N/A
A29: 316BXGGSS150M0001V0 | B29: STEEL WIRE ROPE | C29: 7408290000 | D29: FSCU6992068, MSNU8441810, MSNU9783205 | E29: Packing list=CZ-056028, Packing list=FR-054886, Packing list=PL-054904 | F29: =_xlfn.XLOOKUP(A29,[1]邦达数据库!$A:$A,[1]邦达数据库!$C:$C) -> #N/A
A30: 316BXGGSS300M0001V0 | B30: STEEL WIRE ROPE | C30: 7408290000 | D30: FSCU6992068, MSNU8441810, MSNU9783205 | E30: Packing list=CZ-056028, Packing list=FR-054886, Packing list=PL-054904 | F30: =_xlfn.XLOOKUP(A30,[1]邦达数据库!$A:$A,[1]邦达数据库!$C:$C) -> #N/A
A31: 316GSS7X700000001V0 | B31: STEEL WIRE ROPE | C31: 7408290000 | D31: FSCU6992068, MSNU8441810, MSNU9783205 | E31: Packing list=CZ-056028, Packing list=FR-054886, Packing list=PL-054904 | F31: =_xlfn.XLOOKUP(A31,[1]邦达数据库!$A:$A,[1]邦达数据库!$C:$C) -> #N/A
A32: 32YFZQWZJWLXWXEC2V0 | B32: CARILLON | C32: 9205100000 | D32: FFAU2882889 | E32: list=IT-049334 | F32: =_xlfn.XLOOKUP(A32,[1]邦达数据库!$A:$A,[1]邦达数据库!$C:$C) -> #N/A
A33: 32YFZQYZJWLX0A1C1V0 | B33: CARILLON | C33: 9205100000 | D33: SELU4270474 | E33: list=ES-049339 | F33: =_xlfn.XLOOKUP(A33,[1]邦达数据库!$A:$A,[1]邦达数据库!$C:$C) -> #N/A
... A82: AQMANSITYPE1L9NAX001V0 | B82: HARD HAT | C82: 3926906000 | D82: MSDU8279268, TXGU6715988 | E82: Packing list=CZ-055660, Packing list=PL-055706 | F82: =_xlfn.XLOOKUP(A82,[1]邦达数据库!$A:$A,[1]邦达数据库!$C:$C) -> #N/A
A83: AQSJTZ60JDGB62SHMV0 | B83: LOCKOUT TAGOUT KIT | C83: 7323910000 | D83: MSDU8088467 | E83: Packing list=PL-054772 | F83: 8301.10.0000
A84: AQZ36X4.5INHS0001V0 | B84: SAFETY BOLLARDS | C84: 7308909890 | D84: AXIU1638505, FFAU4034300 | E84: Packing list=FR-054748, Packing list=PL-054775 | F84: =_xlfn.XLOOKUP(A84,[1]邦达数据库!$A:$A,[1]邦达数据库!$C:$C) -> 7308909890
A85: ATVGSSJP2000PXII1V9 | B85: ELECTRIC WINCH | C85: 7323910000 | D85: CAIU7575647, FDCU0243422 | E85: Packing list=CZ-055663, Packing list=PL-054559 | F85: =_xlfn.XLOOKUP(A85,[1]邦达数据库!$A:$A,[1]邦达数据库!$C:$C) -> #N/A
A86: ATVGSSJPYXWXEJRPBV9 | B86: ELECTRIC WINCH | C86: 7323910000 | D86: CAIU7575647, FDCU0243422 | E86: Packing list=CZ-055663, Packing list=PL-054559 | F86: =_xlfn.XLOOKUP(A86,[1]邦达数据库!$A:$A,[1]邦达数据库!$C:$C) -> #N/A
A87: ATVGSSJPYXYK43JX7V9 | B87: ELECTRIC WINCH | C87: 7323910000 | D87: MSMU5818830 | E87: Packing list=PL-054556 | F87: =_xlfn.XLOOKUP(A87,[1]邦达数据库!$A:$A,[1]邦达数据库!$C:$C) -> #N/A
A88: ATVHCSJPYXWXMCF1OV9 | B88: ELECTRIC WINCH | C88: 8205510000 | D88: MSDU8450658, TXGU8904131 | E88: Packing list=CZ-054518, Packing list=PL-054562 | F88: =_xlfn.XLOOKUP(A88,[1]邦达数据库!$A:$A,[1]邦达数据库!$C:$C) -> #N/A
A89: AXLSTCQJDSYKA13UA001V0 | B89: A-FRAME JACK | C89: 8425420000 | D89: MSBU8068680 | E89: Packing list=CZ-054519 | F89: =_xlfn.XLOOKUP(A89,[1]邦达数据库!$A:$A,[1]邦达数据库!$C:$C) -> #N/A
A90: AXQQTZ1RWCGHWRPSE001V0 | B90: A-FRAME SWING SET | C90: 9506999000 | D90: MEDU4464722, MSDU6211947 | E90: Packing list=FR-054884, Packing list=PL-054902 | F90: =_xlfn.XLOOKUP(A90,[1]邦达数据库!$A:$A,[1]邦达数据库!$C:$C) -> #N/A
A91: AXQQTZ2RWCGL2KT8O001V0 | B91: A-FRAME SWING SET | C91: 9506999000 | D91: MEDU4464722, MSDU6211947 | E91: Packing list=FR-054884, Packing list=PL-054902 | F91: =_xlfn.XLOOKUP(A91,[1]邦达数据库!$A:$A,[1]邦达数据库!$C:$C) -> #N/A
A92: AXQQTZSL1RW07PILCV0 | B92: A-FRAME SWING SET | C92: 7323910000 | D92: CAIU7751371, MSCU4594885 | E92: Packing list=FR-054885, Packing list=PL-054903 | F92: =_xlfn.XLOOKUP(A92,[1]邦达数据库!$A:$A,[1]邦达数据库!$C:$C) -> #N/A
A93: AZSJGMTZDDFSTV95SV0 | B93: RAISED TOILET SEAT | C93: 3922200000 | D93: MSBU8246837, MSDU5115018 | E93: Packing list=CZ-056446, Packing list=CZ-056449 | F93: =_xlfn.XLOOKUP(A93,[1]邦达数据库!$A:$A,[1]邦达数据库!$C:$C) -> #N/A
A94: AZXKZDYTXSJKFJJNV001V0 | B94: PULL UP BAR | C94: 9506919000 | D94: MSBU5511156, MSCU5315774 | E94: Packing list=CZ-055664, Packing list=PL-054560 | F94: =_xlfn.XLOOKUP(A94,[1]邦达数据库!$A:$A,[1]邦达数据库!$C:$C) -> #N/A
A95: B100132SLZKB00001V0 | B95: AC GAUGE SET | C95: 8479902090 | D95: MSDU8587147, UETU6075441 | E95: Packing list=CZ-054516, Packing list=PL-054561 | F95: =_xlfn.XLOOKUP(A95,[1]邦达数据库!$A:$A,[1]邦达数据库!$C:$C) -> #N/A
... A157: BKZDYDZYHS6SWXJNP001V0 | B157: PLAYING FIELD BENCH | C157: 6306290000 | D157: MEDU7527470, MSBU5511156, MSDU7691060, MSDU8279268, MSDU8587147 | E157: Packing list=CZ-054516, Packing list=CZ-055657, Packing list=PL-054554, Packing list=PL-054560, Packing list=PL-055706 | F157: =_xlfn.XLOOKUP(A157,[1]邦达数据库!$A:$A,[1]邦达数据库!$C:$C) -> #N/A
A158: BLFWFGQ4MB348QKQ9V0 | B158: FABRIC ROOM DIVIDE | C158: 6306290000 | D158: BMOU4422599, CAIU8091272, DRYU9392353 | E158: Packing list=CZ-055904, Packing list=FR-054749, Packing list=PL-054774 | F158: 9403.89.0090
A159: BLFWFGQ4MB34BMP7JV0 | B159: FABRIC ROOM DIVIDE | C159: 6306290000 | D159: BMOU4422599, CAIU8091272, DRYU9392353 | E159: Packing list=CZ-055904, Packing list=FR-054749, Packing list=PL-054774 | F159: 9403.89.0090
A160: BLFWFGQ6MB22N6CD6V0 | B160: FABRIC ROOM DIVIDE | C160: 6306290000 | D160: BMOU4089214, BMOU4422599, DRYU9392353 | E160: Packing list=CZ-055904, Packing list=FR-054747, Packing list=PL-054774 | F160: 9403.89.0090
A161: BLFWFGQ6MB22OTQ1RV0 | B161: FABRIC ROOM DIVIDE | C161: 6306290000 | D161: BMOU4089214, BMOU4422599, MEDU7093501 | E161: Packing list=CZ-055904, Packing list=FR-054747, Packing list=PL-054773 | F161: 9403.89.0090
A162: BLFWFGQ6MB22SD7SBV0 | B162: FABRIC ROOM DIVIDE | C162: 6306290000 | D162: BMOU4422599, CAIU8091272, DRYU9392353 | E162: Packing list=CZ-055904, Packing list=FR-054749, Packing list=PL-054774 | F162: 9403.89.0090
A163: BLFWFGQDMB71E7SLUV0 | B163: FABRIC ROOM DIVIDE | C163: 6306290000 | D163: BMOU4422599, CAIU8091272, DRYU9392353 | E163: Packing list=CZ-055904, Packing list=FR-054749, Packing list=PL-054774 | F163: 9403.89.0090
A164: BLFWFGQDMB71UFFM0V0 | B164: FABRIC ROOM DIVIDE | C164: 6306290000 | D164: DRYU9392353, TGHU6287929, TGHU9810798 | E164: Packing list=CZ-055905, Packing list=FR-054750, Packing list=PL-054774 | F164: 9403.89.0090
A165: BLFWFGQSMB34DAB0VV0 | B165: FABRIC ROOM DIVIDE | C165: 6306290000 | D165: CAIU8091272, DRYU9392353, TGHU9810798 | E165: Packing list=CZ-055905, Packing list=FR-054749, Packing list=PL-054774 | F165: =_xlfn.XLOOKUP(A165,[1]邦达数据库!$A:$A,[1]邦达数据库!$C:$C) -> #N/A
A166: BLFWFGQSMB34LTQ1KV0 | B166: FABRIC ROOM DIVIDE | C166: 6306290000 | D166: CAIU8091272, DRYU9392353, TGHU9810798 | E166: Packing list=CZ-055905, Packing list=FR-054749, Packing list=PL-054774 | F166: =_xlfn.XLOOKUP(A166,[1]邦达数据库!$A:$A,[1]邦达数据库!$C:$C) -> #N/A
A167: BLPF88675INC7B9MGV0 | B167: FABRIC ROOM DIVIDE | C167: 6306290000 | D167: CARU5285706, FCIU8358053 | E167: Packing list=CZ-055908, Packing list=PL-055929 | F167: 9403.89.0090
A168: BLPF96120INCYUPD6V0 | B168: FABRIC ROOM DIVIDE | C168: 6306290000 | D168: TGHU6287929, TGHU9810798 | E168: Packing list=CZ-055905, Packing list=FR-054750 | F168: =_xlfn.XLOOKUP(A168,[1]邦达数据库!$A:$A,[1]邦达数据库!$C:$C) -> #N/A
A169: BPKLGZT61G328HWPY001V0 | B169: DECK BALUSTERS | C169: 7308909890 | D169: MEDU4464722 | E169: Packing list=FR-054884 | F169: =_xlfn.XLOOKUP(A169,[1]邦达数据库!$A:$A,[1]邦达数据库!$C:$C) -> #N/A
A170: BPQDQ75KW220GF4DKV7 | B170: INVERTER | C170: 8504408790 | D170: CAIU8407170, FSCU6992068, TCLU5729903 | E170: Packing list=CZ-056028, Packing list=FR-054888, Packing list=PL-054906 | F170: =_xlfn.XLOOKUP(A170,[1]邦达数据库!$A:$A,[1]邦达数据库!$C:$C) -> #N/A
A171: BPSLZFSHS23BVBIXQ001V0 | B171: IRON HANDRAIL | C171: 8302411000 | D171: AXIU1638505, BMOU4007469, GLDU7246065 | E171: Packing list=CZ-055906, Packing list=FR-054751, Packing list=PL-054775 | F171: =_xlfn.XLOOKUP(A171,[1]邦达数据库!$A:$A,[1]邦达数据库!$C:$C) -> #N/A
A172: BPXGMDZLSLZF6CMUIV0 | B172: IRON HANDRAIL | C172: 8302411000 | D172: CARU5285706, CLHU8567219 | E172: Packing list=CZ-055908, Packing list=PL-055928 | F172: =_xlfn.XLOOKUP(A172,[1]邦达数据库!$A:$A,[1]邦达数据库!$C:$C) -> #N/A
A173: BPXGMDZLSLZF995EIV0 | B173: IRON HANDRAIL | C173: 8302411000 | D173: CLHU8567219 | E173: Packing list=PL-055928 | F173: =_xlfn.XLOOKUP(A173,[1]邦达数据库!$A:$A,[1]邦达数据库!$C:$C) -> #N/A
A174: BPXGMDZLSLZFDP9MRV0 | B174: IRON HANDRAIL | C174: 8302411000 | D174: CARU5285706, CLHU8567219 | E174: Packing list=CZ-055908, Packing list=PL-055928 | F174: =_xlfn.XLOOKUP(A174,[1]邦达数据库!$A:$A,[1]邦达数据库!$C:$C) -> #N/A
A175: BPXGMDZLSLZFZ28P2V0 | B175: IRON HANDRAIL | C175: 8302411000 | D175: CARU5285706, CLHU8567219 | E175: Packing list=CZ-055908, Packing list=PL-055928 | F175: =_xlfn.XLOOKUP(A175,[1]邦达数据库!$A:$A,[1]邦达数据库!$C:$C) -> #N/A
A176: BQHDWDYXWEHY2V8G3V0 | B176: BASEBALL REBOUND NET | C176: 9506919000 | D176: MSMU7678871 | E176: Packing list=CZ-056445 | F176: =_xlfn.XLOOKUP(A176,[1]邦达数据库!$A:$A,[1]邦达数据库!$C:$C) -> #N/A
A177: BQHDWHXWJDKDFWHYHV0 | B177: BASEBALL REBOUND NET | C177: 9506919000 | D177: MSMU8950984 | E177: Packing list=FR-056465 | F177: =_xlfn.XLOOKUP(A177,[1]邦达数据库!$A:$A,[1]邦达数据库!$C:$C) -> #N/A
A178: BQHDWPWJDKD4HE1Z4V0 | B178: BASEBALL REBOUND NET | C178: 9506919000 | D178: TCLU4986759 | E178: Packing list=PL-056500 | F178: =_xlfn.XLOOKUP(A178,[1]邦达数据库!$A:$A,[1]邦达数据库!$C:$C) -> #N/A
A179: BQJXZQFB2MCS84AH9001V2 | B179: JUMBO SOCCER DARTS | C179: 9506919000 | D179: TCLU9113325 | E179: Packing list=IT-055414 | F179: =_xlfn.XLOOKUP(A179,[1]邦达数据库!$A:$A,[1]邦达数据库!$C:$C) -> #N/A
... A319: CDKCGJX23017UOUSBV0 | B319: TOOLBOX | C319: 7310100090 | D319: MSCU4594885, TCLU8016320, UETU8218304 | E319: Packing list=CZ-056026, Packing list=FR-054885, Packing list=PL-054905 | F319: =_xlfn.XLOOKUP(A319,[1]邦达数据库!$A:$A,[1]邦达数据库!$C:$C) -> #N/A
A320: CDXLJJ2463645I36LV0 | B320: ROOF RACK | C320: 8708299099 | D320: BMOU4007469, CLHU8567219, GLDU7246065 | E320: Packing list=CZ-055906, Packing list=FR-054751, Packing list=PL-055928 | F320: 8708.99.9790
A321: CDXLJJY251365ROA4V0 | B321: ROOF RACK | C321: 8708299099 | D321: BMOU4007469, CLHU8567219, GLDU7246065 | E321: Packing list=CZ-055906, Packing list=FR-054751, Packing list=PL-055928 | F321: 8708.99.9790
A322: CDZ70X50X25CMGZYMV0 | B322: CHARGER STATION BOX | C322: 8303004000 | D322: CAIU7751371, TCLU8016320 | E322: Packing list=CZ-056026, Packing list=PL-054903 | F322: =_xlfn.XLOOKUP(A322,[1]邦达数据库!$A:$A,[1]邦达数据库!$C:$C) -> #N/A
A323: CDZPSJKSJKJBEH00WV9 | B323: ROOFTOP TENT | C323: 6306290000 | D323: MSNU8925183 | E323: Packing list=PL-054770 | F323: =_xlfn.XLOOKUP(A323,[1]邦达数据库!$A:$A,[1]邦达数据库!$C:$C) -> #N/A
A324: CDZPYTSKYTSK51QR3V9 | B324: ROOFTOP TENT | C324: 6306290000 | D324: FCIU8346047, MSMU7575575, MSNU8925183, TCNU7880515, TGHU9726809 | E324: Packing list=CZ-055907, Packing list=FR-054752, Packing list=PL-054770, Packing list=PL-054771, Packing list=PL-055927 | F324: =_xlfn.XLOOKUP(A324,[1]邦达数据库!$A:$A,[1]邦达数据库!$C:$C) -> #N/A
A325: CDZPZDKZDKD0N3Q63V9 | B325: ROOFTOP TENT | C325: 6306290000 | D325: FFAU4034300, MSMU7575575 | E325: Packing list=FR-054748, Packing list=PL-054771 | F325: =_xlfn.XLOOKUP(A325,[1]邦达数据库!$A:$A,[1]邦达数据库!$C:$C) -> #N/A
A326: CDZPZDKZDKX0DCT4YV9 | B326: ROOFTOP TENT | C326: 6306290000 | D326: CRSU9232786, MSMU7575575, TCNU7880515, TGHU9726809 | E326: Packing list=CZ-055907, Packing list=CZ-055909, Packing list=FR-054752, Packing list=PL-054771 | F326: =_xlfn.XLOOKUP(A326,[1]邦达数据库!$A:$A,[1]邦达数据库!$C:$C) -> #N/A
A327: CFBXGGZTDJLSBZDTCV0 | B327: WORKBENCH | C327: 7326903000 | D327: FFAU2254455, UETU7729439 | E327: list=FR-052065, list=IT-052075 | F327: =_xlfn.XLOOKUP(A327,[1]邦达数据库!$A:$A,[1]邦达数据库!$C:$C) -> #N/A
A328: CFBXGGZTDJLSJWD20V0 | B328: WORKBENCH | C328: 7326903000 | D328: CRSU9206051 | E328: list=CZ-050504 | F328: =_xlfn.XLOOKUP(A328,[1]邦达数据库!$A:$A,[1]邦达数据库!$C:$C) -> #N/A
A329: CFBXGGZTDJLSLBJRWV0 | B329: WORKBENCH | C329: 7326903000 | D329: FFAU2254455, UETU7729439 | E329: list=FR-052065, list=IT-052075 | F329: =_xlfn.XLOOKUP(A329,[1]邦达数据库!$A:$A,[1]邦达数据库!$C:$C) -> #N/A
A330: CFBXGGZTLCDJ1CSD7V0 | B330: WORKBENCH | C330: 7326903000 | D330: MSMU7812851 | E330: list=FR-052066 | F330: =_xlfn.XLOOKUP(A330,[1]邦达数据库!$A:$A,[1]邦达数据库!$C:$C) -> #N/A
A331: CFBXGGZTLCDJ3QDV2V0 | B331: WORKBENCH | C331: 7326903000 | D331: FFAU2254455, UETU7729439 | E331: list=FR-052065, list=IT-052075 | F331: =_xlfn.XLOOKUP(A331,[1]邦达数据库!$A:$A,[1]邦达数据库!$C:$C) -> #N/A
A332: CFBXGGZTLCDJ6KFNJV0 | B332: WORKBENCH | C332: 7326903000 | D332: MSMU7812851 | E332: list=FR-052066 | F332: =_xlfn.XLOOKUP(A332,[1]邦达数据库!$A:$A,[1]邦达数据库!$C:$C) -> #N/A
A333: CFBXGGZTLCDJPQM9TV0 | B333: WORKBENCH | C333: 7326903000 | D333: MSMU7812851, SELU4270474, TCNU2185423 | E333: list=CZ-050503, list=ES-049339, list=FR-052066 | F333: =_xlfn.XLOOKUP(A333,[1]邦达数据库!$A:$A,[1]邦达数据库!$C:$C) -> #N/A
... A490: CSDLSPVC240LSO68O001V0 | B490: WATER STORAGE BLADDER | C490: 3925100000 | D490: CSNU5799944, FFAU2882889, SELU4270474 | E490: list=ES-049339, list=FR-049321, list=IT-049334 | F490: =_xlfn.XLOOKUP(A490,[1]邦达数据库!$A:$A,[1]邦达数据库!$C:$C) -> #N/A
A491: CSUV6508008004E90V0 | B491: SUV TENT | C491: 5503200000 | D491: MSBU8246837, MSMU8074217 | E491: Packing list=CZ-056449, Packing list=IT-056493 | F491: 6306.22.0000
A492: CTCBTEJBTDBA9FNN5001V0 | B492: BOAT TRAILER STEPS | C492: 7326909890 | D492: MSBU8068680 | E492: Packing list=CZ-054519 | F492: =_xlfn.XLOOKUP(A492,[1]邦达数据库!$A:$A,[1]邦达数据库!$C:$C) -> #N/A
A493: CTCBTSJBTDBARWF2C001V0 | B493: BOAT TRAILER STEPS | C493: 7326909890 | D493: MSBU8068680 | E493: Packing list=CZ-054519 | F493: =_xlfn.XLOOKUP(A493,[1]邦达数据库!$A:$A,[1]邦达数据库!$C:$C) -> #N/A
A494: CTG16X22.3X180001V0 | B494: OUTDOOR KITCHEN DRAWERS | C494: 8302419000, 9403208000 | D494: CAAU6920828, MEDU8801415, MSBU7304672, TGBU9853870 | E494: Packing list=CZ-056443, Packing list=FR-056464, Packing list=IT-056491, Packing list=PL-056499 | F494: =_xlfn.XLOOKUP(A494,[1]邦达数据库!$A:$A,[1]邦达数据库!$C:$C) -> #N/A
A495: CTG19.6X26.600001V0 | B495: OUTDOOR KITCHEN DRAWERS | C495: 8302419000, 9403208000 | D495: CAAU6920828, MEDU8801415, MSBU7304672, TGBU9853870 | E495: Packing list=CZ-056443, Packing list=FR-056464, Packing list=IT-056491, Packing list=PL-056499 | F495: =_xlfn.XLOOKUP(A495,[1]邦达数据库!$A:$A,[1]邦达数据库!$C:$C) -> #N/A
A496: CTG30X10X20000001V0 | B496: OUTDOOR KITCHEN DRAWERS | C496: 8302419000 | D496: FFAU2882889, MSBU7968460, TCLU7779061, TEMU6360421 | E496: list=ES-049340, list=FR-052055, list=IT-049334, list=IT-052076 | F496: =_xlfn.XLOOKUP(A496,[1]邦达数据库!$A:$A,[1]邦达数据库!$C:$C) -> #N/A
A497: CTSBXSGJX86I4GRVMV0 | B497: PORTABLE TOOL BOXES | C497: 7310100090 | D497: FSCU6992068, MSNU8441810, MSNU9783205 | E497: Packing list=CZ-056028, Packing list=FR-054886, Packing list=PL-054904 | F497: =_xlfn.XLOOKUP(A497,[1]邦达数据库!$A:$A,[1]邦达数据库!$C:$C) -> 7326.90.9890
A498: CTSJTYKLBST47YW3EV0 | B498: LECTERNS | C498: 3923210000 | D498: MSNU9783205, TCLU8016320 | E498: Packing list=CZ-056026, Packing list=PL-054904 | F498: =_xlfn.XLOOKUP(A498,[1]邦达数据库!$A:$A,[1]邦达数据库!$C:$C) -> 9403.70.0000
A499: CW-1632JXYGQZH001V0 | B499: CW HYDRAULIC SERIES TOOLS | C499: 8205510000 | D499: MSCU5340294, MSMU7055486 | E499: Packing list=CZ-055656, Packing list=PL-055704 | F499: =_xlfn.XLOOKUP(A499,[1]邦达数据库!$A:$A,[1]邦达数据库!$C:$C) -> #N/A
A500: CWBBL2234L00QOB5J001V0 | B500: MOTORCYCLE BAG | C500: 4202121100, 4202221000 | D500: CAIU7751371, MSCU4594885, TCLU8016320 | E500: Packing list=CZ-056026, Packing list=FR-054885, Packing list=PL-054903 | F500: =_xlfn.XLOOKUP(A500,[1]邦达数据库!$A:$A,[1]邦达数据库!$C:$C) -> #N/A
A501: CWCT1YKLDD1GCPFV6001V0 | B501: STORAGE DRAWERS | C501: 9403700000 | D501: TRHU8526897 | E501: Packing list=PL-054563 | F501: =_xlfn.XLOOKUP(A501,[1]邦达数据库!$A:$A,[1]邦达数据库!$C:$C) -> #N/A
A502: CWJKYDCFCZSL247AM001V0 | B502: WINDSHIELD STORAGE CABINET MODEL | C502: 9403208000 | D502: TXGU6715988 | E502: Packing list=CZ-055660 | F502: =_xlfn.XLOOKUP(A502,[1]邦达数据库!$A:$A,[1]邦达数据库!$C:$C) -> #N/A
A503: CWJKYDCFHSHSB10K7V0 | B503: WINDSHIELD OUTDOOR CAMPING KITCHEN | C503: 7615101090 | D503: MEDU7964892 | E503: Packing list=PL-054555 | F503: =_xlfn.XLOOKUP(A503,[1]邦达数据库!$A:$A,[1]邦达数据库!$C:$C) -> #N/A
... A894: EVAQXJSHSDZXE41JKV0 | B894: INTERLOCKING RUBBER MATS | C894: 3918900090 | D894: MSDU6523858, TCNU7119933, TCNU7822627 | E894: Packing list=CZ-056030, Packing list=FR-054890, Packing list=PL-056044 | F894: =_xlfn.XLOOKUP(A894,[1]邦达数据库!$A:$A,[1]邦达数据库!$C:$C) -> #N/A
A895: EVAQXJSHSDZXO5N9CV0 | B895: INTERLOCKING RUBBER MATS | C895: 3918900090 | D895: MSMU6966528, MSMU7674578, TCNU7822627 | E895: Packing list=CZ-056029, Packing list=FR-054889, Packing list=PL-056044 | F895: 9506.91.9000
A896: EVAQXJSHSDZXOXDELV0 | B896: INTERLOCKING RUBBER MATS | C896: 3918900090 | D896: MSDU6523858, TCNU7822627 | E896: Packing list=FR-054890, Packing list=PL-056044 | F896: =_xlfn.XLOOKUP(A896,[1]邦达数据库!$A:$A,[1]邦达数据库!$C:$C) -> #N/A
A897: EVAQXJSHSDZXW5O14V0 | B897: INTERLOCKING RUBBER MATS | C897: 3918900090 | D897: BMOU4422599, MEDU7093501, MEDU8298620 | E897: Packing list=CZ-055902, Packing list=CZ-055904, Packing list=PL-054773 | F897: 9506.91.9000
A898: EYHTJGDKJLDSO30ZN001V2 | B898: CO² LASER ENGRAVER | C898: 8456119000 | D898: CMAU3392208 | E898: list=CZ-050500 | F898: =_xlfn.XLOOKUP(A898,[1]邦达数据库!$A:$A,[1]邦达数据库!$C:$C) -> #N/A
A899: EYHTJGDKJTMS2IMFX001V2 | B899: CO² LASER ENGRAVER | C899: 8456119000 | D899: CMAU6174540, FSCU8031100 | E899: list=CZ-050498, list=IT-049338 | F899: =_xlfn.XLOOKUP(A899,[1]邦达数据库!$A:$A,[1]邦达数据库!$C:$C) -> #N/A
A900: F12TPAPUNBR70Y6LPV0 | B900: HYDRAULIC COMBINED MULTIFUNCTIONAL JACK | C900: 4202921100 | D900: MEDU7761426 | E900: Packing list=CZ-055910 | F900: =_xlfn.XLOOKUP(A900,[1]邦达数据库!$A:$A,[1]邦达数据库!$C:$C) -> #N/A
...
